"time","postId","url","likes","comments","shares","mediaCount","text"
"2026-05-16T04:05:06.000Z","3471717709670266","https://www.facebook.com/thuy.duong.40234/posts/pfbid0nLtvSSPP5veKMEj7ibAzsCPkSHNZUQUZbxNgmcbWeZfNrKQKxZpjecCc62vtBo64l","13","3","1","1","📌 FPT – Nhu cầu chuyển đổi AI tiếp tục là động lực tăng trưởng chính 🎯 Giá mục tiêu 12 tháng: 101.600đ/cp 🚀 Upside kỳ vọng: +44% 4T2026, FPT ghi nhận doanh thu 17,2 nghìn tỷ (+12% YoY), NPATMI đạt 3,4 nghìn tỷ (+16% YoY), riêng tháng 4 tăng trưởng lợi nhuận quay lại mức trên 20% YoY. 💡 Điểm nhấn đáng chú ý: • Doanh thu chuyển đổi số tăng +25% YoY, riêng tháng 4 tăng mạnh +46% • Mảng AI/Data Analytics tăng trưởng tới +83% YoY nhờ nhu cầu AI từ khách hàng toàn cầu • Giá trị hợp đồng ký mới gần 20 nghìn tỷ (+30% YoY), cho thấy đà phục hồi tiếp tục mạnh lên • Thị trường Nhật Bản vẫn là đầu tàu tăng trưởng với doanh thu +23% YoY, chiếm 47% doanh thu CNTT nước ngoài • CNTT trong nước tăng tốc mạnh nhờ các hợp đồng khu vực công và doanh nghiệp tư nhân 📈 FPT hiện giao dịch quanh P/E trailing ~12x, thấp hơn đáng kể so với mức trung bình các công ty công nghệ toàn cầu ~17x. FPT không chỉ là câu chuyện xuất khẩu phần mềm, mà đang dần trở thành doanh nghiệp hưởng lợi trực tiếp từ làn sóng AI & chuyển đổi số toàn cầu. - SSI Research - ThuyDuongInvest TH Room cộng đồng chứng khoán dưới phần bình luận"
"2026-05-15T05:52:10.000Z","3470693656439338","https://www.facebook.com/thuy.duong.40234/posts/pfbid0tx1FKPzmovBQ4ejVSiNigds4ZKHn1Vb4A3EgFB54WrvvP1s1hLCXP5prYU4yA3Qml","97","11","1","1","Chúc mừng Sếp Toàn Xù đã giành được giải thưởng danh giá nhất công ty 🎉🎊🍻🥂🍾🙌"
"2026-05-09T01:17:25.000Z","3463896163785754","https://www.facebook.com/thuy.duong.40234/posts/pfbid02gWtZBxakMKSHpLtcV2K24PQ938e48xkKnquYs9e16m6LvpgSdJLZHQoDuPf5hmQUl","110","31","3","1","Một chút “quả ngọt” sau hành trình nỗ lực 🌱❤️ Cảm thấy biết ơn khi được nhận ESOP tại SSI — không chỉ là cổ phiếu, mà còn là sự ghi nhận cho quá trình cố gắng, tinh thần gắn bó và những giá trị mình đang cùng tập thể xây dựng mỗi ngày. 10 năm với nghề tư vấn đầu tư, điều mình trân trọng nhất vẫn là được đồng hành cùng khách hàng, cùng team và lớn lên cùng thị trường. Cảm ơn SSI vì luôn tạo động lực để mỗi người không ngừng phát triển 🚀📈"
"2026-04-20T10:09:36.000Z","3443589005816470","https://www.facebook.com/thuy.duong.40234/posts/pfbid0aY9aFiCUD6GZv4a3MiHGX9zVfpVW8BiVnBmK9RrZqYuzZ332acNSmLUM95D6H64pl","3",,"1","3","SSI vừa công bố KQKD Quý I/2026: LNTT hợp nhất 1.593 tỷ đồng – quán quân lợi nhuận trong nhóm công ty chứng khoán. Đây là một quý mở màn mạnh mẽ và là động lực để chúng ta giữ nhịp, nâng chuẩn và bứt tốc ở các quý tiếp theo.🚀💪"
"2026-04-18T07:06:37.000Z","3441350012707036","https://www.facebook.com/thuy.duong.40234/posts/pfbid024KKpmfoYSpq3D6rhscFUnbJvkRrEgkYHNdzkni7L8Ln4cdAKQ21wA8rxf4H95WCYl","74","13","2","1","🔥 TÌM KIẾM CHIẾN THẦN LIVESTREAM CHỨNG KHOÁN HỘI SỞ 09 SSI🔥 Bạn không cần là người giỏi nhất… Nhưng phải là người dám lên sóng – dám nói – dám chốt deal. 🏆 Cơ cấu giải thưởng hàng tháng: 🥇 Giải Nhất: 3.000.000 VNĐ 🥈 Giải Nhì: 1.500.000 VNĐ 🥉 Giải Ba: 500.000 VNĐ 💰 Ngoài ra còn có Quyền lợi cực “chiến”: * Hoa hồng lên tới 65% trên tệp khách hàng khai thác được. * Cơ hội trở thành nhân sự chính thức tại SSI * Môi trường thực chiến – tăng tốc cực nhanh 🚀 Đây không phải cuộc chơi cho người đứng ngoài. Đây là sân chơi cho người muốn bứt tốc thu nhập & xây thương hiệu cá nhân. 📩 Liên hệ ngay: Ms. Thùy Dương – 0933 15 3333"
"2026-04-17T11:21:44.000Z","3440504099458294","https://www.facebook.com/thuy.duong.40234/posts/pfbid02F3iMNg39E3ATb9XV8SSGRWbnP7Zo6RCzXEi5o4qFBwHxWudEpJqjqPFSPi3E7tNWl","15",,"3","1","🚀 Lộ trình thăng tiến rõ ràng – đi nhanh, đi xa cùng đội ngũ mạnh 💰 Chính sách thu nhập & cơ chế đãi ngộ hấp dẫn bậc nhất tại SSI Cơ hội không chờ đợi ai. Anh em sẵn sàng bứt phá – Mại zô 🔥"
"2026-04-17T01:21:56.000Z","3440080512833986","https://www.facebook.com/reel/2212170559320630/","60","9","0","1","Cổ đông VIC là người hạnh phúc nhất 2 năm nay #vic #Vingroup #stockmarket #DauTuSinhLoi"
"2026-04-15T11:11:42.000Z","3438319926343378","https://www.facebook.com/thuy.duong.40234/posts/pfbid03ErhqjMX1bnxZHHrxksKJ7Rwg9MzMVCMv25sGWBHdo7zh1BFB9VMPA2fa3DHAg7Ml","12","5","1","1","🔥 MỜI ACE SALES 3 MIỀN – ĐA NGÀNH CÙNG CỘNG TÁC 🔥 Cơ hội mở cho tất cả anh/chị/em sales trên toàn quốc – không giới hạn lĩnh vực 💼 💰 Hoa hồng lên tới 70% – xứng đáng với năng lực 🚀 Mô hình linh hoạt – dễ bắt nhịp, dễ scale 🤝 Có hệ thống hỗ trợ – không làm một mình 📈 Phù hợp cả full-time & part-time 👉 Dành cho: – Sales muốn bứt phá thu nhập – Người có sẵn tệp khách hàng – Anh em muốn thêm 1 nguồn thu chất lượng 📩 Inbox ngay để vào hệ thống sớm – đi trước, lợi thế trước! @highlight"
"2026-04-12T03:50:00.000Z","3434801540028550","https://www.facebook.com/thuy.duong.40234/posts/pfbid02doxL6j2cHPC5i8bjzvYtcEVuBG7Cx97XJ4mLkQ55mkj9hyTSqQZnFaNbDQN8Pqzdl","50","9","1","1","Nói Anh con 8 tuổi đi học bài. Ảnh bảo con muốn học đầu tư chứng khoán Mấy tuổi thì bắt đầu bày ảnh đầu tư chứng khoán được các Bác???"
"2026-04-10T11:29:30.000Z","3432985536876817","https://www.facebook.com/thuy.duong.40234/posts/pfbid02dpcLPwZFrZSHgmP2Hyf2HMhpXsTbofQhoMY9BoGqfgzzshTSoYz7LzRFZcygaS91l","61","13","2","6","Top 2 phòng – Top 6 cá nhân cùng nhiều thành tích nổi bật 💪 Top 1 -Top 2 - Top 3 💚💜💚💜 của Anh Em trong Team. Phòng TVCK 09 vẫn đang mở rộng team, chào đón Anh Em cùng đồng hành – cùng phát triển – cùng gia tăng tài sản 🚀 Đặc biệt, mô hình hệ thống mới đang giúp khếch đại thu nhập, tối ưu hiệu quả làm việc cho từng thành viên. Anh Em nào muốn đi nhanh – đi xa – đi cùng team mạnh thì về chung một nhà nhé 🔥"
"2026-04-08T14:51:52.000Z","3431079607067410","https://www.facebook.com/thuy.duong.40234/posts/pfbid02PHcj6K7ovw5gPja8UGfcGGwr2hmjsZnrGD41YUFy9624nVTvmzfnNEw3Vb6DwCJ5l","11","4","0","1","🔥 Chứng khoán Việt Nam bùng nổ +79 điểm – phiên tăng mạnh nhất từ đầu 2026 🌊 Cả thị trường xanh tím – dòng tiền quay lại cực mạnh 👉 Đây không còn là nhịp hồi kỹ thuật nữa… mà là tín hiệu mở sóng lớn 🚀 Ai chưa có vị thế → đây là giai đoạn không thể đứng ngoài 📩 Vào room cùng mình đón siêu sóng – đi trước thị trường một bước (room dưới phần bình luận nhé)"
"2026-04-03T10:11:21.000Z","3425505320958172","https://www.facebook.com/reel/936889509316224/","99","17","0","1","Team mới tuyển được bạn nhân viên mới gen Z. ACE nào muốn gia nhập Team với Ẻm thì inbox Em nhé"
"2026-03-22T15:28:20.000Z","3412364105605627","https://www.facebook.com/thuy.duong.40234/posts/pfbid0d9J4cy7TEc3F49G2aXkFggSQ58orKrh87Syir2Li68yjqGALxqJ3CzDsTHgoECVtl","5",,"0","1","Tính ra Tắm sớm cũng vui mà kk #pickleball"
"2026-03-19T23:44:46.000Z","3409241222584582","https://www.facebook.com/thuy.duong.40234/posts/pfbid029k4x1kx21RamqEdEAFdqF7ty97UUFkY8YpEGRc7R72nzBDM7YuYVMTCDPUyfHD86l","7",,"0","1","Tương lai thuộc về người có năng lực"
"2026-03-19T05:57:27.000Z","3408396796002358","https://www.facebook.com/thuy.duong.40234/posts/pfbid04TWwx6JoWLNixgQJSxDSx1acYgxAWscxqexu2sjiR5bej1FnTCi4SdqvFVpT4HxTl","234","79","0","1","Tròn 10 năm gắn bó với SSI – không chỉ là một cột mốc, mà là cả một hành trình trưởng thành. Hôm nay, một cương vị mới bắt đầu. Áp lực nhiều hơn – nhưng cũng là cơ hội để bứt phá. Hy vọng vẫn luôn có ACE đồng hành, để cùng nhau đi xa hơn. 🌱"
"2026-03-17T05:10:03.000Z","3406261482882556","https://www.facebook.com/thuy.duong.40234/posts/pfbid02Qaze9m8fvBLr4JcNY28NfoeW3eGDsNsk2rFT7dD1MdPPRDdBYPyJAHaoZkNah6Gl","106","35","14","5","🚀 SSI TUYỂN DỤNG – BÙNG NỔ SỰ NGHIỆP CHỨNG KHOÁN 2026 Vị trí: • Trưởng Phòng Tư vấn Chứng khoán • Chuyên viên Tư vấn Chứng khoán • Thực tập sinh / Học việc / Cộng tác viên 🔥 Nghĩ lớn – Làm lớn – Thu nhập không giới hạn ⸻ 💰 QUYỀN LỢI: • Lương cơ bản: 7 – 25 triệu/tháng • Hoa hồng: lên tới 65% (top thị trường) • Thưởng Lễ/Tết: 3 – 5 triệu • Bảo hiểm 24/7, quỹ hưu trí • Du lịch 2 lần/năm • Nghỉ lễ theo quy định Nhà nước 🚀 ĐẶC BIỆT: • Được xây dựng team riêng – phát triển hệ thống khách hàng & nhân sự • Nhân viên/CTV được phép tuyển CTV (scale thu nhập cực nhanh) • Làm việc Online hoặc Offline linh hoạt ⸻ 📚 ĐÀO TẠO BÀI BẢN: • Phân tích cơ bản (FA) • Phân tích kỹ thuật (TA) • Phát triển khách hàng qua Mạng xã hội (kênh hiệu quả nhất hiện nay) • Kỹ năng tư vấn – bán hàng – xây dựng thương hiệu cá nhân 👉 Có phòng nghiên cứu + hệ thống đào tạo mạnh, hỗ trợ từ A–Z ⸻ 🌟 MÔI TRƯỜNG: • Năng động – cạnh tranh – cùng phát triển • Lộ trình thăng tiến rõ ràng • Chính sách SSI mới → Lợi thế lớn cho người đi đầu ⸻ 🎖️ THÔNG TIN LIÊN HỆ: Leader: Trần Thị Thùy Dương 🏆 KOL xuất sắc 2025 | Người SSI tiêu biểu 2025 | Trưởng phòng tiêu biểu SSI 2024… 📞 Phone/Zalo: 0933 15 3333 📩 Email: duongttt@ssi.com.vn 📍 Địa điểm: Hội sở SSI – 72 Nguyễn Huệ, Q1, TP.HCM ⏰ Thời gian: T2 – T6 (8h – 17h) ⸻ 📩 Inbox hoặc liên hệ ngay để nắm cơ hội bứt phá thu nhập 2026"
"2026-03-14T11:42:52.000Z","3403261943182510","https://www.facebook.com/thuy.duong.40234/posts/pfbid0FKYsMHNdGbynNXMnowLPKif3HT7oRuA6H5bXQf8k85QGLqyLs5hEY8iiPqBLKc1ol","85","9","0","3","Lần đầu được tham dự một giải Pickleball lớn như thế này. Quy tụ rất nhiều anh chị em lâu năm trong ngành chứng khoán, quỹ đầu tư, cùng nhiều idol nổi tiếng của bộ môn như Lý Hoàng Nam, Hiền Hồ… thực sự choáng ngợp. 🎾✨ Cơ mà đánh giải thì căng chẳng khác gì… đánh chứng khoán vậy. 😅 Thôi chắc hợp đi đánh socials thôi — vừa vui, vừa nhẹ nhàng, vừa xả stress sau những phiên thị trường căng thẳng. 🌿🏓"
"2026-03-11T15:17:25.000Z","3400297553478949","https://www.facebook.com/thuy.duong.40234/posts/pfbid0ZCPdhQpwDJSwdhYvqhoP549viimR6AAodVLVoaRBzvbTPgqxhXthA6Z3WXU826GUl","92","13","2","1","Chúc mừng Thuý Huyền! 🎓 Vừa tốt nghiệp đã được nhận chính thức tại SSI – thật sự rất xuất sắc. Chúc em luôn phát triển và gặt hái nhiều thành công tại SSI nhé! 🌟"
"2026-03-03T23:13:55.000Z","3392420030933368","https://www.facebook.com/thuy.duong.40234/posts/pfbid0xnaJ3CWMz2vw7jMaYwxQT5juwes7HKt8Gat49fvUzsoovkTJrhMbe83fsUnbs1Phl","6","1","0","1","CEO DBJ sang Việt Nam ngay sau Tết. Ngồi ăn tối trao đổi, ông nhận định: Việt Nam là điểm sáng của khu vực và thế giới thời gian tới. Cùng ngày, Nasdaq chúc mừng SSIAM chạm mốc 1 tỷ USD AUM."
"2026-02-18T04:18:34.000Z","3376953662480005","https://www.facebook.com/thuy.duong.40234/posts/pfbid0349ym72hsXVtoq7HHnesSBVtZQeX4d8wXDZMq9Ba7zo1AgfxEeAFVUaBRbNTpC9bl","13","3","1","1","Giao thừa Sài Gòn rực rỡ quá. Happy New Year 2026 🎉🎊🎉🎊🎉🥳🎊🧧"
"2026-01-31T01:42:09.000Z","3356007954574576","https://www.facebook.com/thuy.duong.40234/posts/pfbid09TaYgNtDFru8vbgb1MXrRTf5MC7J15exCTXyUFb4HjoW1EdgtHVkLiGXbbDzZyc2l","22","1","0","1","Giá Bạc giảm 31%, giá Vàng giảm 11% sau khi TT Ông Trump chọn Kevin Warsh làm chủ tịch FED FED có Chủ tịch mới — Thị trường đang nghĩ gì? Thông tin Kevin Warsh được chọn làm Chủ tịch Fed đang tạo ra khá nhiều tranh luận trong giới tài chính toàn cầu. Phản ứng của các chuyên gia và thị trường có thể gói gọn trong vài ý chính: 🔹 Điểm được đánh giá cao Warsh là người có kinh nghiệm sâu trong hệ thống Fed và từng tham gia xử lý giai đoạn khủng hoảng tài chính. Giới phân tích cho rằng đây là lựa chọn mang tính “ổn định thể chế”, giúp giữ uy tín chính sách tiền tệ. 🔹 Kỳ vọng cắt giảm lãi suất nhanh — có thể không xảy ra Một số chuyên gia cho rằng Warsh không phải mẫu chủ tịch Fed thiên về nới lỏng mạnh tay. Nghĩa là thị trường khó có chuyện được “bơm tiền sớm” chỉ vì thay người. 🔹 Phản ứng thị trường ngắn hạn: thận trọng Chứng khoán và vàng đều có nhịp phản ứng dè dặt sau thông tin này — vì nếu chính sách tiền tệ tiếp tục kỷ luật, tài sản rủi ro sẽ không còn câu chuyện “tiền rẻ” để đẩy giá. 🔹 Điều quan trọng cần nhớ Chủ tịch Fed có ảnh hưởng lớn — nhưng không quyết định một mình. Chính sách vẫn dựa trên dữ liệu kinh tế và biểu quyết tập thể."
"2026-01-23T15:52:19.000Z","3347403952101643","https://www.facebook.com/thuy.duong.40234/posts/pfbid027Ei9W1PzMAn4gVomtZFu45ymkoLSfCwnNGdCSprJPhTzxtm2C58ND8AQ2MN4D4gXl","260","65","0","4","🏆 SSI Retail Award 2025 ✨ KOL Xuất Sắc Nhất Năm (Một chiếc giải mà chính bản thân cũng không ngờ tới)"
"2026-01-20T14:28:47.000Z","3344034009105304","https://www.facebook.com/thuy.duong.40234/posts/pfbid0G8BZopePgcWCWbQZiJsEcox59jFkUQiLKQsqi18JNbWfp1KyDPWgkkjAUmu1scLRl","14","6","1","1","📊 SSI vừa công bố Báo cáo tài chính riêng Quý 4 và cả năm 2025. Trong bối cảnh thị trường chuyển động nhanh và cạnh tranh ngày càng gay gắt, SSI khép lại năm 2025 với một dấu mốc rất đáng tự hào: doanh thu và lợi nhuận trước thuế cao nhất kể từ khi thành lập ⭐ 📈 Lũy kế cả năm 2025, SSI ghi nhận 13.160 tỷ đồng doanh thu và 5.085 tỷ đồng LNTT, hoàn thành vượt kế hoạch đã được ĐHĐCĐ thông qua. Nền tảng tài chính tiếp tục được củng cố, tạo thêm dư địa cho các hoạt động kinh doanh cốt lõi trong giai đoạn thị trường mới. 🔎 Trong Quý 4/2025, mảng Dịch vụ Chứng khoán tiếp tục là điểm sáng với thị phần HOSE đạt 12,50%; hoạt động cho vay ký quỹ tăng trưởng mạnh – dư nợ cho vay ký quỹ và ứng trước đạt hơn 38.940 tỷ đồng, tăng 77% so với đầu năm – đi cùng kỷ luật quản trị rủi ro chặt chẽ ⚖️ 🌍 Ở mảng Nguồn vốn, SSI thu xếp thành công khoản vay hợp vốn 300 triệu USD, cho thấy năng lực tiếp cận nguồn vốn quốc tế quy mô lớn và bền vững. 🏦 Mảng Dịch vụ Ngân hàng Đầu tư cũng ghi nhận doanh thu trong Quý 4 và tham gia tư vấn/thu xếp cho một số giao dịch huy động vốn đáng chú ý trên thị trường. #SSIAnnouncement"
"2026-01-19T16:05:45.000Z","3343062315869140","https://www.facebook.com/thuy.duong.40234/posts/pfbid02rvpafUdLQ2491tVAXCuZJm5kyAd9QEwPB8M4eY22wnq6uwriH1XjyTNuMtvWxoYRl","10","5","1","1","🔥 Quan trọng là dám mua và dám nắm giữ SIÊU CỔ PHIẾU 🌊 Siêu sóng Chứng khoán 2026 🤔 ACE đã có cổ phiếu trong danh mục đầu tư 2026 của mình chưa??? 🚀 Mọi thứ mới chỉ bắt đầu thôi"
"2026-01-13T15:39:49.000Z","3336633659845339","https://www.facebook.com/reel/2072036236878179/","9","1","0","1","Recap 2025. Cũng vật vờ được 150 phiên Livestreams sau 8 tháng của năm 2025. Bạn đã chiến thắng trong lòng người hâm mộ @highlight #livestreaming #thuỳdươnginvest"
"2026-01-11T04:15:12.000Z","3334113180097387","https://www.facebook.com/thuy.duong.40234/posts/pfbid033REMhmttBcxjYjcpmPg4tC1Z1jLMREbEJArWYF9gggUUd1FbXSudfqh5A8QJ7e8Ql","5","2","0","1","Làm gì cũng cần sức khoẻ. Rèn luyện thể thao để vừa khoẻ, vừa vui vừa tràn đầy năng lượng cho những mục tiêu riêng của mỗi cá nhân thôi nào ACE 🥎🏅🎾👟"
"2025-12-30T10:32:48.000Z","3321867491321956","https://www.facebook.com/thuy.duong.40234/posts/pfbid023QBp4yxQX9DqUwun7qmhyndUN3PAmkNptnHoJR9zGNSmAQcC8V44hx2DCXUJkeal","126","10","0","1","🎉 Happy Birthday SSI! 🎂 Chúc đại gia đình SSI luôn giữ vững phong độ “anh cả ngành chứng”, ngày càng bứt phá và gặt hái thêm nhiều cột mốc rực rỡ phía trước. #SSIDay2025"
"2025-12-30T01:26:22.000Z","3321509034691135","https://www.facebook.com/thuy.duong.40234/posts/pfbid0QxhuJwciXHKBWXecEgDUKzYzFbENwTxmJepi5LfYN4az4fTycsx7MKQ7fmqtzQxpl","31","2","0","1","3375 ngày cùng SSI. Mình vào khi “chàng trai” ấy mới 16 tuổi. Vậy mà chẳng hiểu sao cứ chạy theo hoài — chạy theo mục tiêu, tiêu chuẩn, rồi cả những giới hạn của chính mình. Có những lúc mệt, có những lúc muốn chậm lại, nhưng nhìn lại mới thấy: nhờ chạy theo chàng mà mình đã vượt qua được hết giới hạn này tới giới hạn khác. Cảm ơn SSI – một hành trình đủ dài, đủ khó và đủ để tự hào. 💜"
"2025-12-27T02:51:37.000Z","3318599398315432","https://www.facebook.com/thuy.duong.40234/posts/pfbid0abCvyPLACjxVQn1m17B5ynDe7eVfCmtmFp8uLeNwzgFuQKtrsY1obXe8cCGSKtMcl","120","19","1","6","Tổng kết năm 2025 – gói gọn trong hai chữ: NEW ME ✨✨ 🎉 Tất niên Team Hội sở 09 – SSI, ngồi lại nhìn một năm đã qua, thấy mình cũng đi được khá xa 💭 🌱 Từ một cô gái không thích đứng lớp vì nói nhỏ, nhút nhát, ➡️ giờ có thể livestream tư vấn chứng khoán mỗi tối 📊, bắt trend 📱, làm video 🎥, 🎤 làm Host, 🎙️ khách mời talkshow của SSI, và còn may mắn nhận được giải KOLs được yêu quý của quý tại SSI 🏆💜 Nghĩ lại thấy cũng… hơi buồn cười mà rất đáng nhớ 😄 🤝 Nhờ kênh TikTok, mình gặp được rất nhiều bạn trẻ 👩‍💻👨‍💻, rất nhiều nhà đầu tư cùng đam mê chứng khoán 📈 Mỗi cuộc trò chuyện, mỗi lời động viên đều tiếp thêm cho mình rất nhiều năng lượng tích cực 🔋✨ 👥 Lần đầu tiên tuyển và dẫn dắt một đội đông như vậy – áp lực có 😮‍💨, mệt có 🥹, nhưng đổi lại là sự trưởng thành rõ rệt hơn từng ngày 🌟 🏓 Một điều rất “NEW ME” nữa là nghiện Pickleball Trước đây tập thể thao chủ yếu để khỏe 💪 và giảm cân, còn giờ thì tuần không đánh đủ 3 buổi là thấy thiếu thiếu 😆 Vừa giao lưu 🤗, vừa chiến thuật 🧠, vừa vui 😍 Chỉ có điều… đánh gần 6 tháng rồi mà chưa thấy chiếc G63 nào 😋🚙 🚀 2026 đang tới, tiếp tục duy trì & phát triển những điều đang làm tốt 📌 để chạm thêm nhiều cột mốc mới 🏁, với một phiên bản tốt hơn của chính mình 💖 💜✨ Cảm ơn tất cả những ai đã đồng hành và ủng hộ Thuỳ Dương Invest Hành trình phía trước, mình tin là còn rất đáng để mong chờ 🌈 #NewMe #TongKet2025 #ThuỳDươngInvest #SSI #PickleballLife"
"2025-12-25T05:49:18.000Z","3316753775166661","https://www.facebook.com/reel/1535059781028192/","55","6","0","1","Noel sớm cùng gia đình #thuyduonginvest #noel #chungkhoan #chill #relaxing"
"2025-12-23T07:06:20.000Z","3314799145362124","https://www.facebook.com/thuy.duong.40234/posts/pfbid02dNHo96fa7nAqXt2xzF9pWARaA8VTzKmfcbHN5ziguBw5qf1MoWmM6Ls7G4hBVSw7l","12","3","0","1","Thị trường XANH VỎ ĐỎ LÒNG. Nhìn chỉ số thì tăng mạnh nhưng thực ra thì CHÁN LẮM"
"2025-12-20T06:49:47.000Z","3311609919014380","https://www.facebook.com/reel/865369036081701/","119","21","0","1","Mới tìm thấy cô Em gái thất lạc bấy lâu nay"
"2025-12-15T10:24:04.000Z","3306465299528842","https://www.facebook.com/reel/1255964296566507/","26","1","0","1","Chuẩn bị cho sóng mới thôi nào #chungkhoan #StockMarket #DauTuBatDongSan #thuyduonginvest"
"2025-12-09T04:54:30.000Z","3300031190172253","https://www.facebook.com/thuy.duong.40234/posts/pfbid0jy5BLfuoV8jtzi6io3WkmiUATvrsBNaLypbN1dzu57eoRhuR4hG8rpErA5kGqFK6l","20","1","0","5","🌏 ETF VNFINLEAD chính thức bước ra thị trường Thái Lan – thêm một dấu mốc đáng tự hào của SSIAM và hệ sinh thái SSI Từ ngày 9.12.2025, chứng chỉ lưu ký (Depositary Receipts) của Quỹ ETF VNFINLEAD (FUESSVFL) đã được đưa vào giao dịch trên Sở Giao dịch Chứng khoán Thái Lan (SET) 🇹🇭 Việc một sản phẩm do SSIAM quản lý có mặt trên thị trường khu vực không chỉ mở ra kênh tiếp cận mới cho nhà đầu tư quốc tế, mà còn thể hiện rõ năng lực xây dựng sản phẩm bài bản, quản trị quỹ kỷ luật và vận hành chuẩn mực theo thông lệ quốc tế 📊 Với hiệu suất vượt trội (+37,8% từ đầu năm, +202,3% từ khi thành lập), ETF VNFINLEAD tiếp tục ghi dấu ấn mạnh mẽ và thu hút sự quan tâm lớn từ nhà đầu tư ngoại — khẳng định chất lượng của một sản phẩm “made by SSI” 💼 Khác với chứng chỉ quỹ mở, ETF mang đến sự linh hoạt đặc trưng: nhà đầu tư có thể giao dịch trực tiếp trên sàn như một mã cổ phiếu thông thường 📈 Đây là một cột mốc quan trọng, là bước tiến mới của thương hiệu Việt trên bản đồ ETF khu vực – và cũng là niềm tự hào chung của đại gia đình SSI 🌟"
"2025-12-04T23:41:17.000Z","3295731440602228","https://www.facebook.com/thuy.duong.40234/posts/pfbid02Aqr7a7iQB7K3fd8r7JM6Qv1Cscvi7vk3HyeGbjgjkpHRiqc78S2zdtUoQ175pzuwl","6","2","1","1","🍜PHỞ SIDE CHAT | EP.04: ĐÃ NÂNG HẠNG? FTSE TRẢ LỜI. FTSE lên tiếng: Việt Nam chính thức ở nhóm Thị trường Mới nổi thứ cấp. Một câu trả lời dứt khoát và một chương mới của dòng vốn vừa được mở ra."
"2025-12-01T15:19:36.000Z","3292291700946202","https://www.facebook.com/reel/862205802935376/","17","9","1","1","Vừa Livestream vừa trade, sắp đủ mua IP 17 luôn rồi. ACE quan tâm phái sinh theo dõi Livestream ngay trong phiên giao dịch 2 khung 9h30-11h30 và 13h15-14h45 mỗi ngày trên kênh Thuỳ Dương Invest nhé @highlight #thuyduonginvest #chungkhoan #phaisinh #SSI #future"
"2025-12-01T01:32:49.000Z","3291666587675380","https://www.facebook.com/reel/1388214759665113/","23","6","1","1","Đang họp về Chứng khoán mà group Socical Pickle ball nhắn tin …#chungkhoan #stockmarket #pickleball #thuyduonginvest #ngochuyen @highlight"
"2025-11-28T10:37:39.000Z","3288974424611263","https://www.facebook.com/reel/823295543853670/","9","3","0","1","“Món quà sinh nhật” cuối tháng từ SSI 🎁 Dự đoán đúng xu hướng VN30 → có tiền. Trade phái sinh với sản phẩm D+ của SSI → có rất nhiều tiền (+7.5%/ngày). Tuần kết thúc ấm áp thật sự 💚💚💚"
"2025-11-28T10:36:37.000Z","3288973827944656","https://www.facebook.com/thuy.duong.40234/posts/pfbid0imqJeBQgu23sLQei8GSpqJpaKUNzfL7rZ6miAp9GdyNypBmbb8YirncjMbfFb3dfl","21","7","0","3","“Món quà sinh nhật” cuối tháng từ SSI 🎁 Dự đoán đúng xu hướng VN30 → có tiền. Trade phái sinh với sản phẩm D+ của SSI → có rất nhiều tiền (+7.5%/ngày). Tuần kết thúc ấm áp thật sự 💚💚💚"
"2025-11-26T00:30:32.000Z","3286482154860490","https://www.facebook.com/reel/1380697990349412/","47","10","0","1","Từ ngày biết môn này đi đâu cũng có thể giao lưu được. Hay ghê #pickleball #chungkhoan #thuyduonginvest #viralreelsシ #health"
"2025-11-25T15:22:53.000Z","3286079621567410","https://www.facebook.com/reel/2104859176979386/","10","6","0","1","Cơ sở khó, đã có phái sinh. Cơ hội rinh IP17 Pro #phaisinh #chungkhoan #thuyduonginvest"
"2025-11-25T02:16:36.000Z","3285480524960653","https://www.facebook.com/thuy.duong.40234/posts/pfbid0eVpLrgmQjJdMFnHhNYim1ACxiy7hdjwe5RfiCdqR3ae48KhaCctjRHwTr5DwUtNml","121","36","0","3","Đi đánh Pick mà trời ưu ái quá, cảnh đẹp phải dừng lại chụp ngay mấy tấm 🌿💜 Ký tên: cô gái chứng khoán-yêu màu tím-thích mau xanh-hay mơ mộng"
"2025-11-23T15:16:28.000Z","3283971868444852","https://www.facebook.com/thuy.duong.40234/posts/pfbid0s33gxFYekDi8NrBk38QdwUh2Xn8GRyymn2uCCmErkSJ5W2XJcQQXDXDVpTqR6sTYl","172","45","0","6","Sinh nhật năm nay trúng ngày Gala chi nhánh nên Dương được “quẩy” mấy ngày liên tục 🎊😆 Cảm ơn ACE, bạn bè, khách hàng, đồng nghiệp và gia đình đã gửi những lời chúc và món quà siêu dễ thương 💝💐 Yêu cả nhà nhiều lắm! 🫶"
"2025-11-18T11:41:08.000Z","3278415422333830","https://www.facebook.com/thuy.duong.40234/posts/pfbid025iuTj4bBwLrK6KVnZvX2qAvYRF2VeQ6xotpcUA8cX17YdbeQEqqGwfoPyywLmqZxl","58","11","0","3","Vậy là vừa làm vừa khóc 😅 cũng được 8 tháng rồi. Mục tiêu 10k followers 🎯 không biết khi nào đạt được khi bản thân không biết nhảy 💃😆 cũng chẳng biết lắc. ACE đi ngang qua, quan tâm tới đầu tư chứng khoán 📈 và bình luận cổ phiếu mỗi ngày 🗣️ thì follow ủng hộ Em nha 🤍 Tóp tóp 📱 và cộng đồng ở dưới phần bình luận 👇 Cảm ơn ACE nhiều ạ 🙏💛"
"2025-11-16T03:05:51.000Z","3275895175919188","https://www.facebook.com/reel/863982089483032/","99","19","0","1","Tôi như thế này mà các bác trên Livestream tiktok cứ bảo là tôi Livestream nghiêm túc lắm, căng lắm. Căng là căng thế nào???"
"2025-11-14T05:11:49.000Z","3273794012795971","https://www.facebook.com/thuy.duong.40234/posts/pfbid037mHdnJBd29ZR2V9aStMJ3yVLXEho77Wvi1QsGnbV9XR1iteR24TxMz2Fhuj68M3zl","8",,"0","1","Hồi cấp 3 em học môn Hình học cũng tạm 📐 Hóa ra sau này lại dùng để dự đoán giá cổ phiếu 📈"
"2025-11-12T04:21:50.000Z","3271542913021081","https://www.facebook.com/thuy.duong.40234/posts/pfbid02WbF2zTjb5NxM2i4tqNp6t7buaF2ukKs7e2Ar9a3KCUSn5hrnp1wxMHZSkU7g1Zyml","28","17","0","1","Chứng khoán trầm quá, em tranh thủ “đổi gió” phụ bán phụ kiện Pickleball – bộ môn đang làm mưa làm gió khắp Việt Nam dạo này 😎 ACE yêu thể thao, thích Pickleball ghé ủng hộ nhà em nhé! 👉 Chi tiết em để trong bình luận bên dưới ạ. @highlight"
"2025-11-08T02:19:59.000Z","3266786566830049","https://www.facebook.com/reel/3143616819131380/","38","14","0","1","Chung kết Đôi Nữ Pickle ball Quận 2. ACE đoán đội nào dành chiến thắng ạ? @highlight #thuyduonginvest #pickleball #thethao #xuhuong"
"2025-11-06T05:19:21.000Z","3264654167043289","https://www.facebook.com/thuy.duong.40234/posts/pfbid02n6Uj1EDsGjygtgfCWQUmGrxHvdZAa8YvropatQcCzpgf6XiVF4PWvPXd3yJmfjzZl","42","14","0","3","Thử vai trò mới ở SSI. Host của Talk show ở điểm tin sáng #thuyduonginvest #KhongNgungVuonLen #landaulamhost"
"2025-11-05T10:46:01.000Z","3263718527136853","https://www.facebook.com/thuy.duong.40234/posts/pfbid0q4A8F3Zk6prR1MjdVYD66q4m11EhtMJX49jkidf1uC9bUrxLs6LoPMg2FwxRtg8Ml","3","1","1","1","🧡 SSI GHI DẤU TRONG TOP 10 CÔNG TY CÓ DỊCH VỤ BÁN LẺ TỐT NHẤT VIỆT NAM 2025"
"2025-10-30T09:10:12.000Z","3256735561168483","https://www.facebook.com/thuy.duong.40234/posts/pfbid09WraATXT75ntRCe4nBeYfsxCwP77LazttBNmyNhTR3AWjUFuw4YMtGa98DSbmEVDl","13","2","0","1","Hơn 100 đại diện tài chính hàng đầu thế giới đã tham dự sự kiện Beyond the Upgrade của SSI."
"2025-10-29T04:55:14.000Z","3255510801290959","https://www.facebook.com/thuy.duong.40234/posts/pfbid0Z7oaBfVJP4pjDxW9QCQ4NnVMyauRss5E64FJhPDDewgNyrvzvqnGMhSiqzwjDVNUl","6",,"0","1","Tối nay Dương có việc bận nên không Livestream được. ACE rãnh lên tham gia Livestream của Dương để cùng review lại thị trường và danh mục sau phiên sáng này nha"
"2025-10-28T10:36:07.000Z","3254587378049968","https://www.facebook.com/reel/1853602528917013/","15","4","0","1","Sóng 2025 không còn dễ như 2020–2021. Thị trường biến động mạnh, kéo – đạp liên tục. Bản lĩnh tư vấn chỉ được thấy ở những phiên quyết định. 👉 Tham gia cộng đồng Thùy Dương Invest để đi cùng người có 10 năm kinh nghiệm thực chiến. 💪 #thuyduonginvest #chungkhoan #nhandinhthitruong #nguoimienuiCHAT"
"2025-10-25T15:33:12.000Z","3251233878385318","https://www.facebook.com/thuy.duong.40234/posts/pfbid02RDZHuHMuMHGv6ymU3tPPpd2qZA1vn8xKBqfzSe4g4LTXfnuem7Y9SuaLZJmPsAp5l","3",,"0","1",""
"2025-10-09T13:06:26.000Z","3232154250293281","https://www.facebook.com/thuy.duong.40234/posts/pfbid02dj9dFopXSHc5ZWJSxeDW2rNbTgPDcyQXVybfZBxjyxkskdityvSaYrtNJiT9WFZul","57","16","1","1","Lâu lâu ngoi lên cho mọi người nhớ 🤭 Top 3 thị trường cơ sở tháng 9.2025 tại SSI gọi tên Team Thuỳ Dương💥"
"2025-10-08T08:25:35.000Z","3230640280444678","https://www.facebook.com/thuy.duong.40234/posts/pfbid02RmtDDGmC9YtZmqe9PnJBRgZ8ZbnQTiZh49rCDs7ZvxaMNjVTroJVmiwTxYVVc52Zl","33","7","0","4","🎉 MỪNG NGÀY ĐẶC BIỆT CỦA THỊ TRƯỜNG VIỆT NAM! 🇻🇳📈 Thị trường chứng khoán chính thức được nâng hạng lên “Thị trường mới nổi” — mở ra kỷ nguyên vươn mình mạnh mẽ cho các nhà đầu tư Việt 💪✨ Và cũng là ngày E đón 2 tin vui liền lúc: ⸻ 🏆 1️⃣ Chi nhánh cán đích 5 lần mục tiêu 2025! Nhân sự chỉ bằng một nửa, nhưng năng suất đứng đầu hệ thống 💥 “Gừng càng già càng cay” – câu này đúng thiệt luôn 😎🔥 ⸻ 🎥 2️⃣ Hệ thống Livestream chuyên nghiệp sau thời gian set up lại, cuối cùng cũng thoát gậy, ngoi lên mạnh mẽ 🚀 Cảm ơn các Nhà đầu tư luôn đồng hành, ủng hộ và động viên E trong suốt thời gian qua ❤️🙏 ⸻ Ngày vui trọn vẹn — mừng quá, đi nhậu thôi! 🍻🥳 #NângHạngThịTrường #ChứngKhoánViệtNam #TeamThùyDương #NhàĐầuTưViệt #TinVuiLiềnTay"
"2025-10-07T22:38:25.000Z","3230169027158470","https://www.facebook.com/thuy.duong.40234/posts/pfbid02Eg6A9JxfZwpNxw4bMXyTXhBgr4ZVeHwQyfMd1QKx9kJ24q3XF3N3GE4VaRRGvAwhl","5",,"0","1","Việt Nam chính thức được nâng hạng lên thị trường mới nổi 🙌🙌🙌"
"2025-10-07T15:34:55.000Z","3229826587192714","https://www.facebook.com/thuy.duong.40234/posts/pfbid0qP3xuLmrYeMwLh2mJqszQQ7wTuZcfe8HRjK5Sfffp9pvTJ4fCBVMtqqZuzzSrKQ2l","9","2","0","1","🔥 Số tài khoản chứng khoán vượt đỉnh – Tin vui trước giờ “G” nâng hạng! Việt Nam chính thức vượt mốc 11 triệu tài khoản chứng khoán, sớm hơn 5 năm so với mục tiêu 2030. Đây không chỉ là con số. Đó là thước đo niềm tin và độ lan tỏa của thị trường vốn Việt Nam. Ngày càng nhiều người dân bước vào đầu tư – dấu hiệu cho thấy thị trường đang thật sự trưởng thành. Một vài con số để thấy Việt Nam đang đi đúng hướng: 🇰🇷 Hàn Quốc: >50% dân số đầu tư 🇹🇭 Thái Lan: 25–30% 🇺🇸 Mỹ: ~60% 🇻🇳 Việt Nam: 11 triệu tài khoản ~11% dân số 👉 Nếu tính trừ hao mỗi người 2–3 tài khoản, thực tế mới khoảng 6% dân số đầu tư – dư địa còn cực lớn! Khi tài khoản mở mới liên tục lập đỉnh, còn điều kiện nâng hạng dần hoàn thiện… → Có thể nói một chu kỳ mới của chứng khoán Việt Nam đang được khởi động. 🚀 ⸻ #ChứngKhoánViệtNam #TinVuiThịTrường #NângHạngThịTrường #VNIndex #ThùyDươngInvest"
"2025-10-05T13:23:50.000Z","3227332994108740","https://www.facebook.com/thuy.duong.40234/posts/pfbid02D3BmvRjceqZu7MnpjFhX3a2uwzTTMHZrWtauxrt8b2dzi8nzN6sEB1qfb2qDPszal","36","13","1","1","Hiện tại TikTok là kênh tìm kiếm khách hàng nhanh nhất cho môi giới chứng khoán. Anh chị em Brokers nào vẫn đang loay hoay chưa tìm ra hướng phát triển khách hàng mới — thì gia nhập ngay Team Thùy Dương nhé! 💪 Tại đây, em sẽ đào tạo từ A–Z: 🎬 Cách làm video bắt trend hiệu quả 🎤 Kỹ năng livestream thu hút khách hàng 📈 Và cách xây dựng room đầu tư chuyên nghiệp 👉 Nhanh tay liên hệ Phone/Zalo: 0933 15 3333 để cùng bắt đầu hành trình bứt phá nhé!"
"2025-10-01T23:53:30.000Z","3223160861192620","https://www.facebook.com/thuy.duong.40234/posts/pfbid0jdXMpPp9JfW4qUAGxTRuFKtV2vNPKmyZ9PWbGkCGkEiJdRmaXfeff5xz1wcYqV4cl","142","17","0","1","Chào Anh! Em đứng đây từ sáng ….. ….. ….. Chờ Anh qua mở tài khoản chứng khoán SSI 🤝"
"2025-10-01T10:06:02.000Z","3222487787926594","https://www.facebook.com/thuy.duong.40234/posts/pfbid037sqgkTU6imJJu3HSLBvWutMgy2LPp27KCxtZCE4ukM6nY2uZuWEfrqcQ5PDTwJR9l","110","38","3","1","Từ một bước thử, hoá ra lại mở ra cả hành trình ✨ Giờ thì không chỉ riêng mình, mà cả team đã trở thành “idol chứng khoán” rồi 🤣📊 Cảm ơn anh chị em đã luôn đồng hành, tiếp thêm sức mạnh và lan toả niềm tin. Rất mong được mọi người ủng hộ nhiều hơn nữa! 🙌"
"2025-09-25T13:54:48.000Z","3215820291926677","https://www.facebook.com/thuy.duong.40234/posts/pfbid02RiprVbdW9mGDSEucRsKquuqf9ZE1ouPqUxE98SxLNcoQYnSUZfeFjXJBKuWrZ7nvl","19","4","0","1","Cùng điểm mặt lại xem những Doanh nghiệp nào đã IPO, doanh nghiệp nào chưa IPO nào ACE nhà mình @highlight"
"2025-09-25T09:29:02.000Z","3215592541949452","https://www.facebook.com/reel/813411977830963/","23","9","0","1","Định làm idol CK giải trí sau giờ làm chứng sĩ thôi, ai ngờ được ACE ủng hộ quá trời. Vui gì đâu á 🥰 #KOL #chungkhoan"
"2025-09-24T12:42:48.000Z","3214664998708873","https://www.facebook.com/reel/683966784742193/","9","7","0","1","💡 Khi thị trường rung lắc, nhiều room còn hoang mang đứng ngoài, thì Thùy Dương đã sớm nhận ra cơ hội. 📈 Gom đúng những cổ phiếu tốt bị bán tháo, để giờ đây bật tăng rực rỡ xanh tím. 👉 Nhận định chuẩn xác, hành động quyết đoán – đó chính là lợi thế khi đồng hành cùng Thùy Dương. Room CĐ dưới bình luận nhé ACE"
"2025-09-24T12:38:25.000Z","3214661478709225","https://www.facebook.com/thuy.duong.40234/posts/pfbid06V8sENA5MpoWZ5qnbMekoK8dS9ZqXeMk4HnaEEE3LzoaPZndtgReP4Y4XCgEo5w9l","17","4","0","4","💡 Khi thị trường rung lắc, nhiều room còn hoang mang đứng ngoài, thì Thùy Dương đã sớm nhận ra cơ hội. 📈 Gom đúng những cổ phiếu tốt bị bán tháo, để giờ đây bật tăng rực rỡ xanh tím. 👉 Nhận định chuẩn xác, hành động quyết đoán – đó chính là lợi thế khi đồng hành cùng Thùy Dương. Room CĐ dưới bình luận nhé ACE"
"2025-09-22T12:27:53.000Z","3212424995599540","https://www.facebook.com/thuy.duong.40234/posts/pfbid0374t1aYa7N1zNiPgYAV4WWqin31NeqGaBYRqmrzJa7UuBYwJmhXid7aiD6oEYbGCul","30","4","1","1","Team Em vẫn nhận edit videos đều cho các KOLs Chứng khoán nhé. Chi tiết trong phần bình luận ạ"
"2025-09-16T14:04:30.000Z","3205791492929557","https://www.facebook.com/thuy.duong.40234/posts/pfbid02zZLjDvTDzLCtFBTaUf6hpHwevfZ4ko6pcmyuesQ1RBFHpbrQEZ6PUzZDcVUMo6JHl","33","15","1","1","✨ Trở thành Cộng tác viên tại công ty chứng khoán Top 1 vốn hoá (SSI) ✅ Nhận ID Cộng tác viên ngay trong ngày ✅ Thu nhập hấp dẫn – cơ hội bứt phá ✅ Thủ tục cực nhanh, đơn giản chưa từng có 👉 Liên hệ mình ngay để đăng ký! (Một ngày xôm tụ ☘️🤝☘️🤝 Động lực của những ngày cày bừa vất vả là đây Ngọc Huyền)"
"2025-09-07T13:58:56.000Z","3196149237227116","https://www.facebook.com/reel/2113262092834239/","123","31","0","1","Niềm vinh dự lớn nhất sau 9 năm tại SSI ✨ Được vinh danh Người SSI tiêu biểu 2025 👏👏 Chủ đề SSI25 – KHÁT VỌNG nhắc mình: 👉 Dám thay đổi 👉 Dám bước ra khỏi vùng an toàn 👉 Để chạm tới những điều lớn lao hơn 💪 Và đặc biệt hơn, tất cả đều gắn với số 9 – con số sứ mệnh của mình trong thần số học: 🔹 9 năm gắn bó cùng SSI 🔹 Phòng số 9 🔹 Năm số 9 theo thần số học 🔹 Và số sứ mệnh cá nhân cũng là 9 Bốn con số 9 hội tụ – như một định mệnh, tiếp thêm sức mạnh để mình bước tiếp hành trình khát vọng ✨ #SSI #galassi2025 #HS9 #damthaydoi"
"2025-09-07T13:57:58.000Z","3196148530560520","https://www.facebook.com/thuy.duong.40234/posts/pfbid02K1x7pGdKnMX2dvC5DBRbEGsnAgz1NA46qb3ew9QGP5m7G4L4P9yMJVyqA6fUBdYl","258","89","1","5","Niềm vinh dự lớn nhất sau 9 năm tại SSI ✨ Được vinh danh Người SSI tiêu biểu 2025 👏👏 Chủ đề SSI25 – KHÁT VỌNG nhắc mình: 👉 Dám thay đổi 👉 Dám bước ra khỏi vùng an toàn 👉 Để chạm tới những điều lớn lao hơn 💪 Và đặc biệt hơn, tất cả đều gắn với số 9 – con số sứ mệnh của mình trong thần số học: 🔹 9 năm gắn bó cùng SSI 🔹 Phòng số 9 🔹 Năm số 9 theo thần số học 🔹 Và số sứ mệnh cá nhân cũng là 9 Bốn con số 9 hội tụ – như một định mệnh, tiếp thêm sức mạnh để mình bước tiếp hành trình khát vọng ✨ #SSI #galassi2025 #HS9 #damthaydoi"
"2025-09-04T13:28:17.000Z","3192952004213506","https://www.facebook.com/thuy.duong.40234/posts/pfbid02owcZY3cn14AMTrGg529tidxbmpTk9S6LmSuVw8mPnoCwPUhyFgBadTfDPpfy5zdel","11","3","0","1","🔥 Phần 7 – Ngành Thép “Tiếp nối chuỗi Giải mã chuỗi giá trị TTCK Việt Nam. Sau BĐS, Ngân hàng, Dầu khí, Chứng khoán, Xây dựng và Vận tải biển… chúng ta đến với ngành Thép. Nếu Xây dựng là cơ bắp, thì Thép chính là khung xương – tạo nên bộ sườn vững chắc cho mọi công trình, mọi dự án hạ tầng. 📌 Đây là phần 7 trong series. 👉 Xem hình để hiểu vì sao ngành Thép luôn được xem là thước đo sức khỏe của chu kỳ kinh tế.” ⸻ 🔖 Hashtag #GiảiMãChuỗiGiáTrị #ThịTrườngChứngKhoánViệtNam #ĐầuTưThôngMinh #ChứngKhoán2025 #ThuyduongInvest #NgànhThép #SteelStocks #VLXD Nhân một ngày cổ phiếu ngành thép xanh, tím hết ạ HPG, HSG, NKG…"
"2025-09-03T05:10:10.000Z","3191549754353731","https://www.facebook.com/thuy.duong.40234/posts/pfbid0hi8VMfz2NMAHrY7VHofNkfwL2QhD6nVtyEEJq6yaNAB64Dn6JvaMViAVq3CqnV6Vl","25","8","1","1","Chuỗi giá trị ngành (TTCK Việt Nam) • Bất động sản = Trái tim ❤️ Trái tim bơm nhịp cho toàn bộ chu kỳ kinh tế, tạo sóng lan tỏa. • Ngân hàng = Huyết mạch 🩸 Luân chuyển dòng tiền khắp nền kinh tế, nuôi dưỡng mọi ngành. • Chứng khoán = Hệ thần kinh 🧠 Phản ứng nhạy bén, truyền tín hiệu và khuếch đại cảm xúc thị trường. • Xây dựng = Cơ bắp 💪 Chuyển nhịp tim (BĐS) thành hành động cụ thể, kiến tạo hạ tầng. • Thép / Xi măng / VLXD = Khung xương 🦴 Tạo bộ khung cứng cáp cho công trình, cho nền kinh tế. • Tiêu dùng – Bán lẻ = Hơi thở 🌬️ Đời sống người dân, sức mua, phản ánh sự khỏe mạnh của nền kinh tế. • Năng lượng (Điện, Dầu khí) = Nguồn sống 🔥⚡ Cung cấp nhiên liệu để cơ thể kinh tế vận hành liên tục. • Công nghệ – Viễn thông = Hệ thần kinh trung ương 4.0 📡 Điều phối tốc độ, tăng hiệu suất và kết nối mọi bộ phận. • Logistics – Vận tải = Hệ tuần hoàn 🚚 Đưa hàng hóa, dịch vụ đi khắp nơi, duy trì nhịp vận động. ….(còn tiếp) Chi tiết xem trong phần bình luận nhé @highlight"
"2025-09-01T12:37:46.000Z","3189753547866685","https://www.facebook.com/thuy.duong.40234/posts/pfbid02tZBLqpMiM9ycJyP3xZvJsaWmoFnpMEFWcf2RRYCX5bNJqVdQo3vzi3SkXY8hmzYpl","59","21","0","1","Mừng Thiên Phúc tròn 7 tuổi. Chúc con khôn lớn, một đời an yên ♥️"
"2025-08-29T04:13:52.000Z","3186314234877283","https://www.facebook.com/thuy.duong.40234/posts/pfbid02fquE6NW75mQh9gU3Di8sKseyaukY4ehs7TJxKYEqWNiJ3UAZsFyR4QyDPt4Msoo5l","10",,"0","1","🎖️ ĐỒNG HÀNH CÙNG CÁC HOẠT ĐỘNG HỢP TÁC VÀ KẾT NỐI TRONG VIỆC PHÁT TRIỂN THỊ TRƯỜNG CHỨNG KHOÁN VIỆT NAM 🎯"
"2025-08-28T13:11:34.000Z","3185674958274544","https://www.facebook.com/thuy.duong.40234/posts/pfbid0hPTKTnHTnDTUo3xXSFkeSWr7xFnFoNQNnYqoAo1L5XPuBXZdkvwwPefzZNLyEWq2l","21","2","1","1","SSI ký MOU với UBND Tp. Đà Nẵng"
"2025-08-26T14:11:18.000Z","3183504628491577","https://www.facebook.com/thuy.duong.40234/posts/pfbid0jiDjH7GTE6Bw4C4pXTZzG9iviMqECaR9Tqss8dMPfRjHvcPRoRwwRXeyR7aywXGVl","50","12","0","1","Ngoài nghề tay phải là Tư vấn đầu tư chứng khoán, và nghề tay trái là Trader thì Em và Team còn lấn sân sang lĩnh vực diễn dziên quần chúng. ACE ai cần đội này tới tấu hề thì inbox Em nhé. Chi tiết dưới phần bình luận nhé ạ"
"2025-08-16T11:10:46.000Z","3172522709589769","https://www.facebook.com/thuy.duong.40234/posts/pfbid0gKKC5hUoNkm6puqqQbYL969f7iYw1tRYpEsBZfQe9jckKnXnfDajHi5fkzJPDJKWl","34","5","0","1","🧠 CÁI TÔI – KẺ THÙ LỚN NHẤT TRÊN THỊ TRƯỜNG CHỨNG KHOÁN 📉📈 Một trong những nghịch lý cay đắng và cũng sâu sắc nhất của thị trường chứng khoán là: nhà đầu tư thường thua chính Cái Tôi của mình, chứ không phải thua thị trường. 🚀 Khi thị trường bước vào sóng tăng mạnh, việc bán ra hoặc chốt lời ở một mốc nào đó – chẳng hạn quanh 1.330 điểm – hoàn toàn có thể hợp lý theo hệ thống giao dịch tại thời điểm đó. Sai lầm không nằm ở quyết định bán. Sai lầm thật sự bắt đầu khi thị trường tiếp tục đi lên. 👉 Lẽ ra, ta cần thừa nhận: ✅ “Tôi đã sai” hoặc ✅ “Tôi đã ra sớm quá” …rồi ngồi lại để nhìn lại bức tranh lớn hơn. Nhưng Cái Tôi không cho phép điều đó. Nó kéo chúng ta vào một cuộc chiến vô nghĩa với thị trường: tìm mọi lý do để chứng minh mình đúng, và gán cho sự tăng giá những nhãn mác như “phi lý”, “bong bóng”, “ảo tưởng”. 📖 Mark Douglas trong Trading in the Zone từng cảnh báo: Nguy hiểm nhất là khi bạn không còn giao dịch theo cái thị trường đang làm, mà theo cái bạn nghĩ nó nên làm. ⸻ ⚔️ Ba “kẻ thù” thường gặp trên hành trình đầu tư 1️⃣ Cái Tôi 🪞 Cái Tôi khiến chúng ta tin rằng thành công đến từ việc luôn dự đoán đúng. Khi sai, thay vì cập nhật tư duy, nhiều người lại bám chặt vào quan điểm cũ – và bỏ lỡ cơ hội ngay trước mắt. 2️⃣ Thiên kiến xác nhận (Confirmation Bias) 🔍 Khi đã “đặt cược” vào kịch bản xấu, bộ não sẽ tự động lọc thông tin. Nhà đầu tư chỉ tìm tin tức tiêu cực, nghe theo những quan điểm cùng chiều, trong khi bỏ qua tín hiệu tích cực: 💵 Dòng tiền đang vào mạnh 📈 Các cổ phiếu dẫn dắt liên tục vượt đỉnh 3️⃣ Nhầm lẫn giữa Định giá và Đà tăng trưởng ⚡ Nhiều người thấy P/E, P/B cao liền kết luận thị trường “đắt đỏ”. Điều này có thể đúng về mặt học thuật, nhưng quên mất rằng: “Thị trường có thể duy trì sự phi lý lâu hơn khả năng chịu đựng của bạn.” 💡 Các bậc thầy đầu tư theo đà tăng trưởng như William O’Neil hay Mark Minervini đã chứng minh: trong thị trường tăng giá, Momentum thường đánh bại Valuation trong ngắn và trung hạn. Một cổ phiếu liên tục lập đỉnh mới không phải là tín hiệu để bán, mà chính là minh chứng cho sức mạnh phi thường. ⸻ 🎯 Kết Thành công trên thị trường chứng khoán không đến từ việc luôn đúng, mà đến từ khả năng: ✅ Nhận sai nhanh ✅ Sửa sai sớm ✅ Đồng hành cùng thị trường 🌊 🔥 Hãy nhớ: Thị trường không quan tâm bạn nghĩ gì. Nó chỉ quan tâm nó sẽ đi đâu. 👉 Muốn đi xa, hãy giữ cho mình một hệ thống kỷ luật, một tư duy linh hoạt, và quan trọng nhất: đừng để Cái Tôi ngăn cản bạn kiếm tiền cùng thị trường. #Vnindex #ĐầuTư #TradingPsychology"
"2025-08-04T08:58:59.000Z","3159411470900893","https://www.facebook.com/thuy.duong.40234/posts/pfbid02yPXCW4mBUJT3WdBXzX7EDUuep8tXiXJaP2uZ5B1aM829NTVhVov5jSCcJJCBL3Pcl","12","14","0","1","SSI có một chính sách giúp nhân viên đầu tư lời nhiều. Đố cả nhà đoán được là gì ạ?"
"2025-07-28T23:26:02.000Z","3152467621595278","https://www.facebook.com/reel/1419204485863558/","50","8","1","1","“1.531 điểm – Cùng số, khác thời đại!”📈 VnIndex lại về 1.531 điểm.Nhìn thì giống 2021, nhưng thị trường 2025 thật sự… rất khác! #vnindex #chungkhoan #viralreelsシ #thuyduonginvest"
"2025-07-28T15:31:25.000Z","3152046214970752","https://www.facebook.com/reel/1642082653130784/","34","10","0","1","Chứng khoán bùng nổ. 1 chiếc KOL Chứng khoán mới nhú cũng nổ view luôn: 214 người xem #livestreaming #chungkhoan #thuyduonginvest"
"2025-07-21T10:14:00.000Z","3144157492426291","https://www.facebook.com/reel/1046357877649049/","116","13","0","1","🌟 ĐẠI SỨ THƯƠNG HIỆU THÁNG 7 – “HỌC TỪ NHỮNG CHUYẾN ĐI” Đôi khi, dừng lại một chút không phải để bỏ cuộc, mà là để đi xa hơn – với một tâm thế tốt hơn. Mỗi hành trình đều có lý do để bắt đầu. Và đôi khi, chính những lần “chạy show” lại là cơ hội để mình học, lớn lên và vững vàng hơn trên hành trình sắp tới. #daisuthuonghieussi #SSI #hoctunhungchuyendi #viral #ThùyDươngInvest #NgườiCũBắtTrend #Refresh"
"2025-07-19T10:48:08.000Z","3142144229294284","https://www.facebook.com/thuy.duong.40234/posts/pfbid0oq4bULsZa9MLpk8TDv5KDtnYTS3JMJegJv1ps8E3qsWQ1XcZvEe9CVtTydi5xF2Jl","8","1","0","1","Thuận An mới về với tỉnh Lâm Đồng là thấy nó khác liền hà. Nhà mình ngay dưới chân núi lửa ý ACE."
"2025-07-11T05:35:59.000Z","3133657680142939","https://www.facebook.com/reel/2305975859856658/","25","4","0","1","🧡 Mỗi lời chia sẻ từ khách hàng là động lực lớn để Dương tiếp tục cố gắng mỗi ngày.Không chỉ là tư vấn đầu tư, mà là hành trình đồng hành – cùng nhau hiểu thị trường, kiểm soát rủi ro và đi xa bền vững.Cảm ơn anh/chị đã tin tưởng và lựa chọn Thuỳ Dương Invest 💼📈#ReviewKháchHàng #ThuyDuongInvest #ChungKhoanVungVang #DauTuHieuQua"
"2025-07-10T14:48:52.000Z","3133071420201565","https://www.facebook.com/thuy.duong.40234/posts/pfbid0htcYftoHeu6Jj1v3GD8srLmToe6uLJKguoaWySSq9jhWq5KNLHFgQLfmkB2EqoDUl","134","50","1","3","🏆 KOL xuất sắc nhất quý II - SSI 2025 Em lại được giải nữa rồi ạ! Chỉ mới thay đổi một chút xíu thôi… mà nhận lại được rất nhiều điều: năng lượng mới, cơ hội mới và cả sự ghi nhận quý giá từ công ty ❤️ Giải thưởng lần này đúng với tinh thần lễ vinh danh năm 2024 của SSI: “Bản lĩnh chuyển đổi” Và em – đã thật sự chuyển đổi được chính mình. Cảm ơn mọi người đã luôn đồng hành và ủng hộ em trên hành trình này. Mình cùng nhau tiếp tục tiến về phía trước nhé! 💪✨ #SSI #BảnLĩnhChuyểnĐổi #KOL #ChứngKhoán #TruyềnCảmHứng"
"2025-07-05T15:59:38.000Z","3127973457378028","https://www.facebook.com/thuy.duong.40234/posts/pfbid0zTfQnc779Vt7BiZAatgCbNivriughmyX7ihtE7To5Z5mnKkU6DU5sKern69eBgaUl","85","8","0","1","📌 Yếu chỗ nào, nâng cấp chỗ đó! 📚 Được Thầy tặng sách vì tích cực tham gia học tập 🥹🎁 P/s: Chương trình được tài trợ bởi SSI 💼📈 👨‍🏫 Thầy sinh năm 1975 mà trẻ dữ dội luôn 🔥😮"
"2025-07-03T06:54:21.000Z","3125436644298376","https://www.facebook.com/thuy.duong.40234/posts/pfbid0x3DeVyWwGGRJrE4o8HPNaEKDV6aKx3WGTVEkaNBcA1Zu1tkvYSiLqomVeBcPmVp1l","59","12","0","1","Thị trường chứng khoán có một điểm rất hay: không phải ai giỏi ăn nói, giỏi thuyết phục là sẽ chiến thắng. Mà điều quan trọng hơn nằm ở khả năng cảm nhận và đánh giá thị trường – thứ mà không phải ai cũng có được."
"2025-06-30T13:21:18.000Z","3122654371243270","https://www.facebook.com/reel/1228153155189046/","38","2","0","1","✅ Part 2 – Danh tính các đối tác quốc tế đứng sau thương vụ📝 Caption:“Fortlane, Asset Capital, Borneo…Toàn là những tay chơi sành sỏi.Họ đang nhắm vào điều gì trong thương vụ này?”🔗 #Fintech #InvestSmart #VietnamFinance #3TyUSD"
"2025-06-27T16:05:54.000Z","3119671478208226","https://www.facebook.com/reel/1386998575847162/","72","29","0","1","Cải chửa ra cây, cà mới nụ….chút bình yên quê nhà ♥️. #healing #home #peace #viralreelsシ #taynguyen"
"2025-06-26T13:04:32.000Z","3118418681666839","https://www.facebook.com/reel/1020116113660421/","35","2","1","1","✅ Part 1 – Vì sao quỹ ngoại vẫn tìm gặp bà Trương Mỹ Lan?📝 Caption:“Đang là tâm điểm của vụ việc tài chính lớn nhất Việt Nam…Bà Trương Mỹ Lan bất ngờ được nhiều tổ chức quốc tế đề nghị hợp tác.Vì sao họ lại dấn thân?”🔗 #ThịTrườngTàiChính #TruongMyLan #SCB #ĐầuTưQuốcTế"
"2025-06-24T09:14:02.000Z","3116142261894481","https://www.facebook.com/thuy.duong.40234/posts/pfbid0C2S21NwvnL9w4c1a7qFicLFPMngtrCUZWFepL3asKZ2qs9YkVTBMgKYD22cQUnRvl","53","28","4","1","📢 Dịch vụ dựng video dành riêng cho Chuyên gia Chứng khoán ⏱ Bạn bận rộn tư vấn khách hàng, không có thời gian dựng video? 🎬 Để team mình lo – bạn chỉ cần quay, team lo trọn gói từ A-Z: ✅ Cắt ghép – dựng mượt ✅ Chèn hiệu ứng, sub xịn 🎨 ✅ Dựng chuẩn TikTok / Reels / YouTube Shorts 📱 ✅ Đúng phong cách Chuyên gia 🎯 💼 Giúp bạn xây kênh cá nhân chuyên nghiệp – truyền tải nội dung dễ hiểu – thu hút nhà đầu tư 💰 📩 Inbox để được tư vấn miễn phí nhé! 💡 “Bạn nói, team lo phần còn lại!” #edit #chungkhoan #virals"
"2025-06-21T14:22:54.000Z","3113286628846711","https://www.facebook.com/thuy.duong.40234/videos/699848152973593/","53","26","0","1","#DaiSuThuongHieuSSI2025 #SSItrongconla #CosplaySSIer Truyền Thông Nội Bộ"
"2025-06-21T01:49:21.000Z","3112722902236417","https://www.facebook.com/thuy.duong.40234/posts/pfbid0iHDiur2dpowZ9syCiuGsQQnCWiMxyWn9uTgUcJ7zFh4QFPC6V69GTANKBjRnppvYl","21","4","0","1","Share cho 2 đứa Em Biên Cương Trần, Duyên Thanh 🫶"
"2025-06-18T11:46:05.000Z","3110061035835937","https://www.facebook.com/thuy.duong.40234/posts/pfbid0cPwR5k82WWVRuCFwCFrDz7vX34yGCHv7QX3YmvqzjM1xRU46gRxdcbD2aEzNnz4Yl","81","12","0","1","👀X2 mắt xem sau 2 ngày. Bộ 2 ngày gặp 1 lần mọi người nhớ Em hay sao? 📅 Lịch hẹn: Thứ 2 – 4 – 6 | ⏰ 16h–18h Vẫn ở đây, vẫn chuyện chứng khoán, vẫn là Em nhé ACE 🤝"
"2025-06-17T18:02:19.000Z","3109369655905075","https://www.facebook.com/thuy.duong.40234/posts/pfbid0k73aHU1MFmKUhT3L426uCKr14erZkoZLb7BdEspxAZNpyC5Pmzu1S85vPDhAKKAfl","103","19","0","1","Nhân 1 ngày ún 1 ly cafe + 1 ly Matcha ~> không ngủ được😵‍💫. Ngồi xem lại kiến thức, kinh nghiệm tích luỹ được từ 2011 tới nay (không kể các lớp ngắn hạn 1-2 ngày, hay các buổi đào tạo sau 15h ở SSI), Bản thân tự nhận thấy: đã đủ kinh nghiệm mở 1 tiệm kinh doanh cafe, trà sữa 🤭🤭🤭."
"2025-06-13T14:22:11.000Z","3103473046494736","https://www.facebook.com/thuy.duong.40234/posts/pfbid02W1AnzTu1GDRHnNziCWXtUwU4yP5Pgm2tgcSdYoTQC3SdEjdZP1hLg4SPyKbqoAvsl","27","7","2","1","Tài sản số cùng cơ hội 10 năm có 1 🤝"
